ques_id,Answer_id,section in sum <sen_id>,article in sum <sen_id>,sum has continuous sentences in section,sum has continuous sentences in article,
1,1_Answer1,[ 3  4  5  6 ],[ 21 ],True,False,
1,1_Answer4,[ 1  2  3  4  5  6  7 ],[ 10  12  13 ],True,False,
1,1_Answer7,[ 39  40  41  42  43  44 ],[ 53  54  55  56  57  58 ],True,True,
1,1_Answer8,[ 8  10  11  14  15  16  17  18  19  20  21  22  23  24  25  26  27  28  29 ],[ 10  12  13  14  15  16  17  19  20 ],True,True,
10,10_Answer1,[ 1  2  3 ],[ 31  32  33 ],True,True,
10,10_Answer3,[ 4  5 ],[ 4  5 ],False,False,
10,10_Answer6,[ 2  3  4  22  26  27  28  29 ],[ 29  30  32  48  52  53  54  55  70 ],True,True,
10,10_Answer8,[ 0  1 ],[ 61  62 ],False,False,
100,100_Answer3,[ 5  6 ],[ 5  6 ],False,False,
101,101_Answer3,[ 40  41  42  43  44  45  46 ],[ 32  33  34  36  37  38 ],True,True,
101,101_Answer4,[ 64  65  66  67  68  69 ],[ 66  67  68  69  70  71 ],True,True,
101,101_Answer5,[ 1  2  3  4 ],[ 0  1  2  3 ],True,True,
103,103_Answer1,[ 56  57  58  59  60  61  95 ],[ 57  58  59  60  61  62  63  98 ],True,True,
105,105_Answer1,[ 0  1  2  3  4 ],[ 53  54 ],True,False,
105,105_Answer4,[ 0  1  2 ],[ 15  16  17 ],True,True,
105,105_Answer5,[ 9  10  11  12  13  14  15  16  17 ],[ 9  10  11  12  13  14  15  16  17 ],True,True,
105,105_Answer6,[ 0  2  3  4  5  7  8  9  14  15  16  17  18  19  20  21  22  23 ],[ 126  128  129  130  131  133  134  135  140  141  142  143  144  145  146  147  148  149 ],True,True,
105,105_Answer7,[ 3  4  5 ],[ 184  185  186  210  211  212 ],True,True,
106,106_Answer1,[ 10  11  12  13 ],[ 13  14  15  16 ],True,True,
106,106_Answer2,[ 9  10  11  12 ],[ 13  14  15  16 ],True,True,
107,107_Answer4,[ 0  1  2  3  4  5  6  7  8  9  10  14  15  16  17  18  19  20  21  22  23  24  25 ],[ 4  5  6  7  8  9  10  11  12  18  19  20  22  23  24  25  27  28  29 ],True,True,
108,108_Answer1,[ 0  1  2  3  4  5 ],[ 58  59  60  61  62  63 ],True,True,
108,108_Answer3,[ 11  12  13 ],[ 48  49  50  51 ],True,True,
108,108_Answer4,[ 2  4 ],[ 53  55 ],False,False,
109,109_Answer1,[ 6  7  8 ],[ 8  9  10 ],True,True,
109,109_Answer2,[ 1  2  3  4 ],[ 8  9  10  11 ],True,True,
110,110_Answer3,[ 4  5  6 ],[ 4  5  6 ],True,True,
110,110_Answer5,[ 7 ],[ 7  52 ],False,False,
111,111_Answer2,[ 57  58  59  60  61  62  63  64  65  66  67  68  69  70  71 ],[ 67  68  69  70  71  72  73  74  75  76  77  78  79  80  81 ],True,True,
111,111_Answer3,[ 14 ],[ 14 ],False,False,
111,111_Answer4,[ 11  12  17  18  19 ],[],True,False,
111,111_Answer7,[ 33  34  35  36  37  38  39  40  41  42  43  44  45  46  47  48  49  50  51  52  53  54  55  56  57  58  59  60  61  62  63 ],[ 32  33  34  35  36  37  38  39  40  41  42  43  44  45  46  47  48  49  50  51  52  53  54  55  56  57  58  59  60  61  62 ],True,True,
112,112_Answer1,[ 0  1  2  3  4  5  6  7  8  9 ],[ 63  64  65  66  67  68  69  70  71  72 ],True,True,
112,112_Answer3,[ 0  1  2  3  4 ],[ 31  32  33  34  35 ],True,True,
112,112_Answer4,[ 0  1 ],[ 41  42 ],False,False,
112,112_Answer5,[ 0  1  2  3  4 ],[ 15  16  17  18  19 ],True,True,
112,112_Answer6,[ 77  78  79  80  81  82  83  84  85  86 ],[ 63  64  65  66  67  68  69  70  71  72 ],True,True,
112,112_Answer7,[ 0  1  2 ],[ 20  21 ],True,False,
112,112_Answer8,[ 0  1 ],[ 14 ],False,False,
113,113_Answer1,[ 3  6 ],[ 15  18 ],False,False,
113,113_Answer5,[ 0 ],[ 0 ],False,False,
113,113_Answer8,[ 1  2  3  4  5 ],[ 14  15  16  17  18  22  25  27  29 ],True,True,
115,115_Answer3,[ 7  8  9 ],[ 7  8 ],True,False,
115,115_Answer8,[ 5  6  7  8  9 ],[ 7  8  9  10 ],True,True,
116,116_Answer1,[ 1  2  3  4  5  6  7  8  9  10  11  13  14  15 ],[ 5  6  7  8  9  10  11  12  13 ],True,True,
116,116_Answer2,[ 40 ],[ 158 ],False,False,
116,116_Answer6,[ 0  1  2  3  4  5  6  7  8  9 ],[ 10  11  12  13  14  15  16  17  18 ],True,True,
116,116_Answer7,[ 1  2  3 ],[ 27  28  29 ],True,True,
116,116_Answer8,[ 0  1  2  3  4  5  6 ],[ 0  15  16  17  18  19  20  93  94  95  96  97  98  99 ],True,True,
117,117_Answer1,[ 1 ],[ 21  30  32  34  36  39  45  48  50  51  66  70  74  81  99  104  112  120  123 ],False,False,
117,117_Answer2,[ 0  1  2  3  4 ],[ 14 ],True,False,
118,118_Answer1,[ 0  1  3  4  9  24  25  26  27  28  31  32 ],[ 0  124  125  127  128  133  148  149  150  151  152  155  156 ],True,True,
118,118_Answer2,[ 0  1  2  3  4  5  6  7  8  11  12 ],[ 53  54  55  56  57  58  59  60  62  63 ],True,True,
118,118_Answer6,[ 2  3  4  6  7  8  9  10  12  13  16  17  18  19  25  26  27 ],[ 0  49  161  162  163  165  166  167  168  169  171  172  175  176  177  178  184  185  186 ],True,True,
119,119_Answer1,[ 0  2  6  7  8  9  13 ],[ 83  85  89  90  91  92  96 ],True,True,
119,119_Answer5,[ 0  1  2  3  4  5  6  7  20  23 ],[ 43  44  45  46  47  48  49  50  63  66 ],True,True,
119,119_Answer6,[ 0  1  2  3 ],[ 22  23  24  25 ],True,True,
119,119_Answer7,[ 0  1  2  3  4  7  8 ],[ 29  30  31  32  33 ],True,True,
119,119_Answer8,[ 0  1  2  3  4  5  10  11  14  15  16  19  20  21 ],[ 38  39  40  41  42  43  48  49  52  53  54  57  58  59 ],True,True,
12,12_Answer2,[ 1  2  3  4  5  6  7  8  9  10  11 ],[ 1  2  3  4  5  6  7  8  9  10  11 ],True,True,
12,12_Answer3,[ 1  2  3  4 ],[ 24  25  26  27  28 ],True,True,
12,12_Answer4,[ 0  1  2  4  7 ],[ 17  18  19  21  24 ],True,True,
12,12_Answer5,[ 1  4  5  6  7  11  12  13  14  15  16  17  18  19  20 ],[ 20  21  22 ],True,True,
121,121_Answer1,[ 0  1  2  3  4  5  9  10  11  12 ],[ 10  11  12  13  14  15  19  20  22 ],True,True,
121,121_Answer3,[ 0  1 ],[ 32  33 ],False,False,
121,121_Answer5,[ 12  13  14  15  16  17  18  19  20  21  22  23 ],[ 10  11  12  13  14  15  16  17  18  19  20  22 ],True,True,
122,122_Answer1,[ 0  1 ],[ 41  42 ],False,False,
122,122_Answer7,[ 0  1  2  3  4 ],[ 15  16  17  18  19 ],True,True,
123,123_Answer1,[ 1  2  3 ],[ 18  19  20 ],True,True,
123,123_Answer4,[ 0  1  2  3  4  5 ],[ 39  40  41  42  43  44 ],True,True,
123,123_Answer5,[ 0  1  2  3 ],[ 33  34  35 ],True,True,
123,123_Answer6,[ 11  12  13 ],[ 18  19  20 ],True,True,
123,123_Answer7,[ 44  45  46  47  48  49  50  51 ],[ 39  40  41  42  43  44  45  46 ],True,True,
124,124_Answer1,[ 0  1  2  3  4  5  6  7  8  9  10  11 ],[ 18  76  83  85  86  88  89  90  92  93 ],True,True,
124,124_Answer3,[ 0  1  2  3  4  5  6  7  8  9  10 ],[ 34  36  37  38  39  40  41  42 ],True,True,
124,124_Answer4,[ 0  1  2  3 ],[ 21  22  23  24 ],True,True,
124,124_Answer5,[ 89  90  91  92  93  94  95  96  97  98  99  100  101  102  103 ],[ 0  92  93  94  95  96  97  98  99  100  101  102  103  104  105  106 ],True,True,
126,126_Answer10,[ 30  31  32  33  34 ],[ 42  43  44  46 ],True,True,
127,127_Answer4,[ 0  6  7  8  11  12  15  20  21  22  23  24 ],[ 1  18  19 ],True,False,
127,127_Answer5,[ 0  1  2  3  4  5  13  14 ],[ 23  24  25  26  27  35  36 ],True,True,
127,127_Answer7,[ 1  2 ],[ 37  38 ],False,False,
129,129_Answer1,[ 0  1  2  3  4  5  6  7  9  10 ],[ 10  11  12  13  14  15  16  17  19  20 ],True,True,
129,129_Answer5,[ 13  14  15  16 ],[ 11  12  13  14 ],True,True,
13,13_Answer1,[ 2  3  6  7  12 ],[ 43  44  47  48  53 ],False,False,
13,13_Answer2,[ 0  1  2  3  4  5  6  7  8  9  10  11  12 ],[ 33  34  35  36  37  38  39  40  41  42  43 ],True,True,
13,13_Answer4,[ 21  22  25  27  28  29  30  31  32  33  34  35  36  37  42  48  50  51  52 ],[ 21  22  25  27  28  29  30  31  32  33  34  35  36  37  49  50 ],True,True,
130,130_Answer4,[ 1  2  3  4  5  8  9  10  14  15  16  17  18  19 ],[ 21  22  23  24  25  28  29  30  34  35  36  37  38  39 ],True,True,
130,130_Answer5,[ 19  20  21  22  23  24  25  26  27  28  29  30  31  32  33  34  35  36  37 ],[ 21  22  23  24  25  26  27  28  29  30  31  32  33  34  35  36  37  38  39 ],True,True,
130,130_Answer6,[ 17  28  30  33  34  35  36  37  38  40  41  42  46  56  60 ],[ 31  37  51  55 ],True,False,
131,131_Answer1,[ 0  1  2  3  4  5  6  7  17  18  19  20  21  41 ],[ 86  87  88  89  90  91  92  93  103  104  105  106  107  127 ],True,True,
131,131_Answer2,[ 7  8 ],[ 8  9 ],False,False,
131,131_Answer3,[ 0  1  2  3  4  5  7  9  10  11  12 ],[ 25  27  28  29  30  32  34 ],True,True,
131,131_Answer5,[ 0  1  2  3  4  6  7  8  9  10 ],[ 27  28  29  30  32  33  34  36 ],True,True,
131,131_Answer7,[ 92  93  94  95  96  97  98  99  109  110  111  112  113  133 ],[ 86  87  88  89  90  91  92  93  103  104  105  106  107  127 ],True,True,
131,131_Answer8,[ 0  1  2  3  9 ],[],True,False,
132,132_Answer1,[ 26  27  28  29  30 ],[ 28  29  30  31  32 ],True,True,
132,132_Answer2,[ 2  3  4  5  6 ],[ 28  29  30  31  32 ],True,True,
132,132_Answer7,[ 0  1  2  3  7  8  9  54  55 ],[ 0  1  2  3  7  8  9  57  58  71 ],True,True,
133,133_Answer2,[ 1  3  7 ],[ 7  9  13  23 ],False,False,
133,133_Answer3,[ 67  68  69  70  71  72 ],[ 87  88  89  90 ],True,True,
133,133_Answer9,[ 0  1 ],[],False,False,
134,134_Answer1,[ 3  4  5  26  27  28  29  30 ],[ 3  4  5  26  27  28  29  30 ],True,True,
134,134_Answer6,[ 0  4  9  11  12  13  14  17  18  19  20  21  22  40 ],[ 2  11  14  15  17  18  19  20  22  23  27 ],True,True,
135,135_Answer1,[ 25  26  27  28 ],[ 32  33  34  35 ],True,True,
135,135_Answer7,[ 1  35  36  37  38 ],[ 33  34  35 ],True,True,
135,135_Answer9,[ 1  2  3  4  5  6  7  8  9  10  11  12 ],[ 27  28  29  30  31  32  34  35  36  37  38 ],True,True,
137,137_Answer4,[ 4  6  7  8  19 ],[ 0  1  6  8 ],True,False,
137,137_Answer5,[ 4  9  11  12  13  14  18  20  21  22  40 ],[ 11  14  15  17  18  19  20  22  23 ],True,True,
137,137_Answer7,[ 10  11  12  13  14  17  20 ],[ 9  10  11 ],True,True,
138,138_Answer1,[ 7 ],[ 10 ],False,False,
138,138_Answer2,[ 3  4  5  6  7 ],[ 3  4  5  6  7 ],True,True,
138,138_Answer3,[ 5  6  12  14  23  24  25  26  27  28  29  30  31  32  33  34  35  36  37  38  39  40  41 ],[ 7  8  23  24  25  26  27  28  29  30  31  32  33  34  35  36  37  38  39  40  41 ],True,True,
138,138_Answer6,[ 4  5  6  7  19 ],[ 0  1  6  7 ],True,False,
139,139_Answer1,[ 0  1  2  3  4  5  6  7  8  9  10  11  12  13 ],[ 19  20  21  22  23  24  25  26  27  28  29  30  31 ],True,True,
139,139_Answer3,[ 0  1  2  3  4  5  6  7  8  9  10  20  21  22 ],[ 16  17  18  19  20  21  22  23  24  25  26  35  36  37 ],True,True,
139,139_Answer4,[ 0  1  2  9 ],[ 23  24  25  32 ],True,True,
14,14_Answer2,[ 11  12  13  14  15  16  17  28  29  30 ],[ 45  46  47  48  49  50  60  61  62 ],True,True,
140,140_Answer1,[ 1  2  3 ],[ 23  24  25 ],True,True,
140,140_Answer10,[ 19  20  21  22  23  24  25  30  31  32  36  37  45 ],[ 20  21  22  23  24  25  26  31  32  33  37  38  48 ],True,True,
140,140_Answer2,[ 0  1  2  3  4  5  6  11  12  13  17  18 ],[ 20  21  22  23  24  25  26  31  32  33  37  38 ],True,True,
140,140_Answer3,[ 0  1  2 ],[],True,False,
140,140_Answer6,[ 1  2  3  4  5  10 ],[ 1  2  3  4  5  6  11 ],True,True,
140,140_Answer7,[ 0  1  2  3  4  5  6  7 ],[ 18  19  20  21  22  23  24 ],True,True,
140,140_Answer8,[ 0  1  2  3  4  5  6  21  22  28 ],[ 2  5  6  7  26  27  33 ],True,True,
142,142_Answer1,[ 0  1  2  3  4  5  6  7  8  9 ],[ 36  37  38  39  40  41  42  43  44 ],True,True,
142,142_Answer3,[ 0  1  2  3  4  6  7  8  10  11  42 ],[ 0  1  2  3  4  5  7 ],True,True,
142,142_Answer4,[ 0  1  2  3  4  5  6 ],[ 30  31  32  33  34  35  36  54  58  66  72  87  90  91  92  106  113  116  121  124  127  139  142  148  150  215  216  217  218  219  220  221  222  223  227  238  240  243  249  253  280  329  331  334  340  344  371  411  412  413  414  415  416  418  438  446  464  468  470  477  481  483  484  493  495  497  498  501  502  503  510  511  512  514  515  516  520 ],True,True,
143,143_Answer1,[ 0  1  2  4  8  9  10  12  13  19 ],[ 311  312  314  318  319  320  322  323  329 ],True,True,
143,143_Answer2,[ 36  37  38  39  40  41 ],[ 33  34  35  36  37  38 ],True,True,
143,143_Answer3,[ 0  1  7  8  13 ],[ 40  41  334  335  336  342  343  348 ],False,True,
143,143_Answer4,[ 4  5  6  7  13  27  36 ],[ 67  68  69  70  76  90  99 ],True,True,
143,143_Answer5,[ 0  1 ],[ 215  216 ],False,False,
143,143_Answer6,[ 0  1  2 ],[ 69  70  71 ],True,True,
143,143_Answer9,[ 0  19  81  85  86  87 ],[ 0  19  79  83  84  85 ],True,True,
144,144_Answer1,[ 1  2  3  4 ],[ 29  30  31  32 ],True,True,
144,144_Answer2,[ 0  1 ],[ 28 ],False,False,
144,144_Answer5,[ 0  1  2  3  4  5  6 ],[ 53  54  55  56  57  58 ],True,True,
144,144_Answer6,[ 0  1  24  29 ],[ 1  2  24  30 ],False,False,
145,145_Answer10,[ 0  1  2 ],[ 78  79 ],True,False,
145,145_Answer11,[ 0  1  2  20  21  22 ],[ 145  146  164  165  166 ],True,True,
145,145_Answer2,[ 0  1  2  3 ],[ 185  186 ],True,False,
145,145_Answer3,[ 0  1  2  3 ],[ 28  35  81  82  83  86 ],True,True,
145,145_Answer7,[ 0  1  2  3  4 ],[ 88  90  91  92 ],True,True,
145,145_Answer9,[ 0  1  2 ],[ 171  172  173 ],True,True,
147,147_Answer1,[ 0  1  2  3  4 ],[ 60  61  62  63 ],True,True,
147,147_Answer4,[ 6  7  8  9  10  11  12  13  14  15  16 ],[ 13  14  15  16 ],True,True,
148,148_Answer1,[ 0  1  2  3 ],[ 56  65  66  67 ],True,True,
148,148_Answer3,[ 3  4  58  68  69  70 ],[ 2  3  56  65  66  67 ],True,True,
148,148_Answer8,[ 0  1  7 ],[ 148  154 ],False,False,
15,15_Answer1,[ 4  5 ],[ 3  4 ],False,False,
15,15_Answer4,[ 1  2  6  7  8  9 ],[ 0  1  5  6  7  8 ],True,True,
15,15_Answer9,[ 0  1  3  6  7  8  9  10  11  12  13  15  22  26  27  28 ],[ 15  16  18  21  22  23  24  25  26  27  28  30  37  41  42  43  77 ],True,True,
150,150_Answer1,[ 0  1  2  3  34 ],[ 0  124  125  126  127  158 ],True,True,
150,150_Answer2,[ 0  1  2  3  4  5  6  7  11  12  16  17 ],[ 53  54  55  56  57  58  59  62  63  66  67 ],True,True,
150,150_Answer4,[ 1  2  4  6  9  18  25 ],[ 160  161  163  165  168  177  184 ],False,False,
150,150_Answer6,[ 1  2  3 ],[ 260  261  262  404  405  406 ],True,True,
152,152_Answer1,[ 1  2  3  5  6  7  8 ],[ 1  2  3  5  6  7  8 ],True,True,
153,153_Answer1,[ 0  1 ],[ 63 ],False,False,
153,153_Answer3,[ 61  62  63  64  65  66  67 ],[ 57  58  59  60  61  62  63 ],True,True,
153,153_Answer5,[ 1  2  3  4  5  6 ],[ 57  58  59  60  61  62 ],True,True,
154,154_Answer1,[],[],False,False,
154,154_Answer11,[ 15 ],[ 5  167 ],False,False,
154,154_Answer4,[ 2 ],[ 1 ],False,False,
154,154_Answer5,[ 3 ],[ 3  403 ],False,False,
154,154_Answer7,[ 3  4  5 ],[ 2  3  4 ],True,True,
154,154_Answer9,[ 3 ],[ 5  167 ],False,False,
155,155_Answer1,[ 1  2  3  4 ],[ 29  30  31  32  34 ],True,True,
155,155_Answer2,[ 1  2  3  4  5  6  7  8  9  11 ],[ 10  11  12  13  16  17  18 ],True,True,
155,155_Answer3,[ 1  2  3  4  5  6  7  8 ],[ 6  13  14  15  16  17  29  31  35  39  43  50  77  79  81  86  89  92 ],True,True,
155,155_Answer5,[ 2  3  4  5  6  7  8  9  10  11  12 ],[ 1  2  3  4  5  6  7  8  9  10  11 ],True,True,
155,155_Answer6,[ 11  12  13  14  15  16  17  18  19  22  37 ],[ 10  11  12  13  16  17  18 ],True,True,
156,156_Answer1,[ 0  1  4  8  10  12  15  19 ],[ 41  42  45  49  51  53  56  60 ],False,False,
156,156_Answer3,[ 0  1  3  5  6 ],[ 18  20  21 ],False,False,
157,157_Answer6,[ 2  3 ],[ 13  14 ],False,False,
158,158_Answer10,[ 0  1  2 ],[],True,False,
158,158_Answer2,[ 1  2  4  9  10 ],[ 5  6  8  13  14 ],False,False,
158,158_Answer3,[ 0  1  2 ],[ 16  17 ],True,False,
158,158_Answer4,[ 0  4  6  7 ],[ 130  134  136  137 ],False,False,
158,158_Answer8,[ 1  2  4  5  6  7  8  10  11 ],[ 19  20  22  23  24  25  26  28  29  47  59 ],True,True,
159,159_Answer1,[ 1  2  3  4  5 ],[ 5  6  7  8  9 ],True,True,
159,159_Answer4,[ 1  2 ],[ 4 ],False,False,
159,159_Answer5,[ 1  2  3  4  5  6  9 ],[ 10  11  12  13  14  15  18 ],True,True,
159,159_Answer6,[ 0  1  4  17  18  19  20  21 ],[ 0  3  14  15  16  17  18 ],True,True,
159,159_Answer7,[ 1  2  3  4 ],[ 36  37  38  39  84  142  148  151  155  162 ],True,True,
159,159_Answer8,[ 0  1  2  3  4  5  6 ],[ 0  15  16  17  18  19  20  93  94  95  96  97  98  99 ],True,True,
159,159_Answer9,[ 0  1  2  6  7  8  34  37  40  41 ],[ 0  27  40  41  42  46  47  48  74  77  80  81  205 ],True,True,
16,16_Answer1,[ 0  3  4  5  6  7  8  9  10  11  12  13  14 ],[ 83  86  87  88  89  90  91  92  93  94  95  96  97 ],True,True,
16,16_Answer3,[ 4  5  6  11  12  13 ],[ 34  38  39  40  45  46  47 ],True,True,
16,16_Answer5,[ 1  2  4  5  10  12  13  14  15  16 ],[ 19  20  21  22  25  27  28  29  30  31 ],True,True,
160,160_Answer1,[ 1  2  3  4  5  6  7  8  9  10  19  37  38  39 ],[ 2  3  4  5  6  7  8  9  10  11 ],True,True,
160,160_Answer3,[ 0  1  2 ],[ 73  74  75 ],True,True,
161,161_Answer1,[ 0  1  2  3 ],[ 0  1  2  3 ],True,True,
161,161_Answer2,[ 5  6  7  8  9  10  11  12  13  14  15  16  17  21  25  29  32 ],[ 0  61  62  63  64  65  66  67  68  69  70  71  72  73  77  81  84  87  120  190  288  528  529  532  544  545  549  552  556  608  829 ],True,True,
161,161_Answer3,[ 19  20 ],[ 21  22 ],False,False,
161,161_Answer4,[ 1  2  6  7  10  14  15 ],[ 72  73  77  81  82  84  85  190  544  545  549  550  552  556  557  608 ],False,False,
161,161_Answer5,[ 13  15  16  17  18  19  20  21  22  23 ],[ 14  18  19  20  22  23  24  25 ],True,True,
161,161_Answer6,[ 0  1  2  5  6  7  8  10  11  12  13  14  15 ],[ 0  47  48  49  52  53  54  55  57  58  59  60  61  62 ],True,True,
162,162_Answer1,[ 3  6  7  8  9  10  11  12  13  14  15  16  17  18  19  21 ],[ 10  13  14  15  16  17  18  19  20  21  37  42  50  53  56  59  62  66  68  77  124  126  128  132  135 ],True,True,
162,162_Answer2,[ 0  1  3  4  5  6  9 ],[ 15  16 ],True,False,
162,162_Answer4,[ 11  14  15  16  17  18  19  20  21  22  23  24  25  26  27  29  43  45  47  50  58  61  64  67  70  74  76  85  131  133  135  139  142 ],[ 10  13  14  15  16  17  18  19  20  21  37  42  50  53  56  59  62  66  68  77  124  126  128  132  135 ],True,True,
162,162_Answer6,[ 2  3 ],[ 1 ],False,False,
163,163_Answer2,[ 0  1  2  3  4  5  6 ],[ 37  38  39  40  253 ],True,True,
163,163_Answer4,[ 3 ],[ 41  258 ],False,False,
164,164_Answer6,[ 0  8 ],[ 1  9 ],False,False,
164,164_Answer9,[ 1  2 ],[ 2  3 ],False,False,
165,165_Answer1,[ 1  2  3  6 ],[ 0  1  2  5 ],True,True,
165,165_Answer10,[ 29  30  31  36  37  38  39  40  44  45 ],[ 24  25  26  31  32  33  34  35  39  40 ],True,True,
165,165_Answer2,[ 0  2  3  4  5  6  7  8  9 ],[ 9  10  11  12  13  14  15  16  18 ],True,True,
165,165_Answer3,[ 1  2  4 ],[ 14  15  16  17  18 ],False,True,
165,165_Answer4,[ 1  2 ],[ 10  11 ],False,False,
165,165_Answer5,[ 2  3  4  5  7  12  13  21  22  23  24  27  28  29  32  33  34  35 ],[ 3  4  5  6  7  12  13  20  21  22  23  27  28  29  32  33  34  35 ],True,True,
165,165_Answer6,[ 0  1  3  8  9  17  18  19  20  23  24  25  28  29  30  31 ],[ 5  6  7  12  13  20  21  22  23  27  28  29  32  33  34  35 ],True,True,
165,165_Answer7,[ 1  2  3  4  9  10  11  12  13  17  18 ],[ 24  25  26  31  32  33  34  35  39  40 ],True,True,
165,165_Answer9,[ 1  2  3 ],[ 14  15  16 ],True,True,
166,166_Answer1,[ 1  2  3  4  5  9  10  11  13  14  15  16 ],[ 5  6  7  8  9  13  16 ],True,True,
166,166_Answer4,[ 1  2 ],[ 4 ],False,False,
166,166_Answer5,[ 0  1  2  3  4  5  6  7  8  9 ],[ 10  11  12  13  14  15  16  17  18 ],True,True,
166,166_Answer6,[ 1  4  16  17  18  19  20  21 ],[ 0  3  13  14  15  16  17  18 ],True,True,
166,166_Answer7,[ 0  1  2  3  4 ],[ 36  37  38  39  84  142  148  151  155  162 ],True,True,
166,166_Answer8,[ 0  1  2  3  4  5  6  7  8 ],[ 0  15  16  17  18  19  20  93  94  95  96  97  98  99  100  101 ],True,True,
166,166_Answer9,[ 0  1  2  6  7  8  10  11  13  14  15  22  24  25  26  34  35  36  37  38  39  40  41 ],[ 0  27  40  41  42  46  47  48  50  51  53  54  55  62  64  65  66  74  75  76  77  78  79  80  81  205 ],True,True,
167,167_Answer1,[ 1  2 ],[ 70  71 ],False,False,
167,167_Answer2,[ 0  1  3  4  5  6  7  8 ],[ 30  31  32  33  34  35  36  37  38  39 ],True,True,
167,167_Answer3,[ 85  86 ],[ 70  71 ],False,False,
167,167_Answer4,[ 50  51  52  53  54 ],[ 36  37  38  39  40 ],True,True,
168,168_Answer4,[ 0  1  19  20  21  22  23  24  25  26  27  28 ],[ 17  18  36  37  38  39  40  41  42  43  44  45 ],True,True,
168,168_Answer5,[ 1  2  3 ],[ 1  2 ],True,False,
169,169_Answer1,[ 0  1 ],[ 63 ],False,False,
169,169_Answer3,[ 12  15  17  19  22  30  31  32  33  39  41  61  62  63  64  65  66  67  68  69  70  71  73  74  75  76  79  83  85  93  97  100  103  106  113  116  119  122  125  150  154  157  165  168  172  175  179  181  184  194  202 ],[ 12  15  17  19  22  37  57  58  59  60  61  62  63  64  65  66  67  69  73  75  83  87  90  93  96  103  106  109  112  115  140  144  147  155  158  162  165  170  172  175  185  193 ],True,True,
169,169_Answer5,[ 1  2  3  5  6 ],[ 57  58  59  61  62 ],True,True,
17,17_Answer1,[ 0  1  2  3  4  5  6  7  8  9  10  11  12  13  14  15  16  17  18  19  20  21 ],[ 43  44  45  46  47  48  49  50  51  52  53  54  55  56  57  58  59  60  61  62  63  64 ],True,True,
17,17_Answer4,[ 42  43  44  45  46  47  48  49  50  51  52  53  54  55  56  57  58  59  60  61  62  63  64  65  66  67  68  69  70  71  72  73  74  75  76  77  78  79  80  81  82  83  84  85  86  87  88  89  90  91  92  93  94  95  96  97  98  99  100  101  102  103  104  105 ],[ 43  44  45  46  47  48  49  50  51  52  53  54  55  56  57  58  59  60  61  62  63  64  65  66  67  68  69  70  71  72  73  74  75  76  77  78  79  80  81  82  83  84  85  86  87  88  89  90  91  92  93  94  95  96  97  98  99  100  101  102  103  104  105  106 ],True,True,
170,170_Answer1,[ 42  43  44  45  46  47  48  49  50  51  52 ],[ 95  97  99  101  108 ],True,False,
170,170_Answer2,[ 46  47  48  49  50  51  52  53  54  55 ],[ 95  96  97  98  99  100  101  102  103 ],True,True,
171,171_Answer1,[ 0  1  3  4  5 ],[ 1  2  3  4  5  6 ],True,True,
171,171_Answer3,[ 1  7 ],[ 0  2  3  9  86 ],False,False,
171,171_Answer4,[ 1  2  3  4 ],[ 28  29  30  31 ],True,True,
171,171_Answer6,[ 10  11  12  13  14  15  16  27  36  41  45  49  53  56  58  66  69  76  80  82  85  87 ],[ 8  9  10  21  30  35  39  43  47  50  52  60  63  70  74  76  79  81 ],True,True,
171,171_Answer7,[ 8  9  10  11  12  13  17  18  37  39  80  85 ],[ 8  9  10  11  12  28  30  72  77 ],True,True,
174,174_Answer2,[ 1  2 ],[ 2 ],False,False,
174,174_Answer3,[ 0  1  2  3 ],[ 29  30  31  32 ],True,True,
174,174_Answer5,[ 0  1  2  3  4  5  6  7 ],[ 0  1  2  3  4  5  6  7 ],True,True,
176,176_Answer1,[ 0  1  2  3  4 ],[ 0  1  2  3  5 ],True,True,
176,176_Answer3,[ 1  8 ],[ 53  54  61 ],False,False,
177,177_Answer1,[ 2  4  5  37  38  39  40  41  42  43 ],[ 1  3  4  36  37  38  39  40  41  42  117  202  227 ],True,True,
177,177_Answer2,[ 2  25  26  27  28  29  30  31 ],[ 0  2  25  26  27  28  29  30  31  269 ],True,True,
177,177_Answer3,[ 2  3 ],[ 2  269  270 ],False,False,
177,177_Answer4,[ 1  2  3  4  5  59 ],[ 1  2  3  4  5  55 ],True,True,
177,177_Answer7,[ 2  10  12  13  14 ],[ 0  8  10  11  12 ],True,True,
179,179_Answer1,[ 0  1 ],[ 1  2 ],False,False,
179,179_Answer2,[ 1  2  3  4 ],[ 0  1  2  3 ],True,True,
179,179_Answer4,[ 0 ],[ 0 ],False,False,
179,179_Answer5,[ 0  1  2  3  4 ],[ 0  1  2  3  4 ],True,True,
179,179_Answer6,[ 0  1  2  17  42  48  66  67  73  74  75  76  77  90  91  92  93 ],[ 2  3  16  59  60  68  69  70  71  83  84  85  86 ],True,True,
179,179_Answer7,[ 0  1  4  5 ],[ 0  1  4  5 ],False,False,
179,179_Answer8,[ 2  3  8 ],[ 0  3  4  9 ],False,False,
179,179_Answer9,[ 1  7  8  9 ],[ 4  10  11  12 ],True,True,
18,18_Answer1,[ 19  20  21  36  54 ],[ 18  19  20 ],True,True,
18,18_Answer3,[ 1  2  3  4  5  6  7  8  9  10  11  12  13 ],[ 69  70  71  72  73  74  75  76  77  78  79  80 ],True,True,
180,180_Answer1,[ 2  3  8 ],[ 163  164  169 ],False,False,
180,180_Answer4,[ 1  2  3  4  7  10  13  14  17  18  19  20  21  22 ],[ 46  55  56  57  58  61  64  66  67  70  71  72  73  74  75  153 ],True,True,
181,181_Answer2,[ 2  3  4  5  6  7 ],[ 32  33  34  35  36  37 ],True,True,
181,181_Answer3,[ 0  1  2  3  6 ],[ 39  40  41  42  45 ],True,True,
182,182_Answer2,[ 2  7  8  9 ],[ 2  7  8  9 ],True,True,
182,182_Answer4,[ 12  13  14  15  16  17  18  19  20  21 ],[ 12  13  14  15  16  17  18  20  21  22 ],True,True,
182,182_Answer5,[ 1  2  5  6  7 ],[ 12  13  16  17  18 ],True,True,
182,182_Answer6,[ 2  5  6 ],[ 18  22  25  26 ],False,False,
183,183_Answer1,[ 1  3  8  9  10  11  12  13  14  26  27 ],[ 0  2  8  10  11  12  26  27 ],True,True,
183,183_Answer2,[ 2  3  4  5  6 ],[],True,False,
183,183_Answer3,[],[],False,False,
184,184_Answer1,[ 0  2  3  7  10  11  12  13  14 ],[ 33  35  36  40  43  44  45  46  47 ],True,True,
184,184_Answer2,[ 1  2  3  4  5 ],[ 13  14  15  16 ],True,True,
184,184_Answer3,[ 4  6  7 ],[ 26  27 ],False,False,
185,185_Answer1,[ 0  3  4 ],[ 0  3  4 ],False,False,
185,185_Answer7,[ 0  1 ],[ 58  59 ],False,False,
186,186_Answer1,[ 2  3  4  5  6  7  8  9  10  11  12  13 ],[ 70  71  72  73  74  75  76  77  78  79  80  81 ],True,True,
186,186_Answer2,[ 2  3 ],[ 66  183  184 ],False,False,
186,186_Answer3,[ 1  2  3  4  5  6  7  8 ],[ 33  34  35  36  37  38  39  40 ],True,True,
186,186_Answer4,[ 62  63  64  65  66  67  68  69  70  71  72  73 ],[ 70  71  72  73  74  75  76  77  78  79  80  81 ],True,True,
186,186_Answer6,[ 42  43  44  45  46  47  48  49 ],[ 33  34  35  36  37  38  39  40 ],True,True,
187,187_Answer1,[ 0  2  3  4  5  6  7  8  9 ],[ 47  49  50  51  52  53  54  55  56 ],True,True,
187,187_Answer2,[ 1  2  3  5  6  8  9  10  12  13  14  16  17  18  19  20  21 ],[ 22  23  25  26  29  30  32  33  34  37  38 ],True,True,
187,187_Answer3,[ 0  1  2  3  4  5  6  7  8 ],[ 11  12  13  14  15  16  17 ],True,True,
187,187_Answer5,[ 72  73  74  75  76  77  78  79  80  81  82  83  84  85  86  87  88  89  97  106  111 ],[ 77  78  79  80  81  82  83  84  85  86  87  88  89  90  91  92  93  94  103  113  118 ],True,True,
187,187_Answer7,[ 0  9  10  11  12  13  14  15  16  17 ],[ 0  11  12  13  14  15  16  18 ],True,True,
187,187_Answer8,[ 47  49  50  51  52  53  54  55  56  57  58  59  60  61  62  63  64  65 ],[ 47  49  50  51  52  53  54  55  56  58  59  60  61  62  63  64  65  66 ],True,True,
187,187_Answer9,[ 0  1  3  9  11  12  14  21  22  24  25 ],[ 94  100  103  109  110  112  118  120  121  123  130  131  133  134 ],False,False,
188,188_Answer1,[ 0  1  4  5  6  9 ],[ 50  51  54  55  56  59 ],True,True,
188,188_Answer2,[ 1  2  3  4  5  6  7  8  9  10  11  12  13  14  15  18  19  20  21 ],[ 31  33  34  35  36  37  38  39  40  41  42  43  44  45  48  49  50  51 ],True,True,
188,188_Answer3,[ 56  57  58  59  60  61  62  63  64 ],[ 50  51  52  53  54  55  56  57  58 ],True,True,
188,188_Answer4,[ 0  1  2  3  6  7  8  9  10  11 ],[ 64  65  66  67  70  71  72  73  74  75 ],True,True,
189,189_Answer1,[ 0  1  2  38  39  40  41  42 ],[ 0  2  3  4  32  33  34  35  36 ],True,True,
19,19_Answer4,[ 0  1  2  3  4  5  6  7  10  11  12  13  14  15  29  30  31  33  34  35 ],[ 4  5  6  8  9  11  12  13  14  15  16  32  33  34  36  37  38 ],True,True,
19,19_Answer5,[ 4  15  16  17  18  19  20  21  22  23  26  27  28  33  34  35  36  37  40 ],[ 4  15  16  17  18  19  20  21  22  23  26  27  28  32  33  34  35  36  39 ],True,True,
19,19_Answer6,[ 10  11  12  13  14  15  16  17  18  21  22  23  28  29  30  31  32  35 ],[ 15  16  17  18  19  20  21  22  23  26  27  28  32  33  34  35  36  39 ],True,True,
19,19_Answer7,[ 58  90  91 ],[ 55  90 ],False,False,
190,190_Answer2,[ 1  2 ],[ 32  33 ],False,False,
190,190_Answer7,[ 4  5  11 ],[ 4  5  11 ],False,False,
191,191_Answer1,[ 26 ],[ 36 ],False,False,
191,191_Answer3,[ 1 ],[ 36 ],False,False,
191,191_Answer9,[ 72  73  74 ],[ 214  215  216 ],True,True,
193,193_Answer1,[ 0  2  4 ],[ 56  58  60 ],False,False,
193,193_Answer2,[],[],False,False,
193,193_Answer5,[ 63  64  65  67 ],[ 56  57  58  60 ],True,True,
195,195_Answer2,[],[ 0 ],False,False,
195,195_Answer3,[ 6  7  8  9  10  11 ],[ 30  31  32  33  34  35 ],True,True,
195,195_Answer4,[ 38  39  40  41  42  43  44 ],[ 29  30  31  32  33  34  35 ],True,True,
2,2_Answer1,[ 7  8  9  10  11  12  13 ],[ 86  87  88  89  90  91  92 ],True,True,
2,2_Answer2,[ 0  1  3  4 ],[ 10  52  53  55  56 ],False,False,
21,21_Answer1,[ 0  1  2  3 ],[ 1  2  3  4 ],True,True,
21,21_Answer8,[ 1  2 ],[],False,False,
22,22_Answer1,[ 1  2  3  4  5  7  8 ],[ 1  2  3  4  5  7  8 ],True,True,
23,23_Answer1,[ 0  1  2  3 ],[ 6  7  8 ],True,True,
23,23_Answer4,[ 0 ],[ 11 ],False,False,
24,24_Answer1,[ 29  30  31 ],[ 29  30  31 ],True,True,
24,24_Answer3,[ 1  2  4  9  10 ],[ 15  16  18  23  24 ],False,False,
25,25_Answer1,[ 0  1  4  8  12  13  14  17  18  27  28  29  30  31  32  33  34  35  36  37  38  39  40  41  42  46  47 ],[ 39  58  60  62  64  82  93  95  97  100  101  104  108  112  113  114  117  118  127  128  129  130  131  132  133  134  135  136  137  138  139  140  141  142  146  147 ],True,True,
25,25_Answer3,[ 41  60  62  64  66  83  94  96  98  100  101  102  103  104  105  106  107  108  109  110  111  112  113  114  115  116  117  118  119  120  121  122  123  124  125  126  127  128  129  130  131  132  133  134  135  136  137  138  139  140  141  142  143  144  145  146  147  148  149  150  151  152  153  154 ],[ 39  58  60  62  64  82  93  95  97  100  101  102  103  104  105  106  107  108  109  110  111  112  113  114  115  116  117  118  119  120  121  122  123  124  125  126  127  128  129  130  131  132  133  134  135  136  137  138  139  140  141  142  143  144  145  146  147  148  149  150  151  152  153  154 ],True,True,
27,27_Answer1,[ 0  1  2  3  4  5  9 ],[ 48  49  50  51  52  53  57 ],True,True,
28,28_Answer1,[ 1  2  4  5  6  7  8  9  10  11 ],[ 1  4  5  7  8  9  10  11  12  13  14 ],True,True,
28,28_Answer2,[ 1  3  4  7  8  9  10  11  15  17  19  101  102  103  104  105  107  126 ],[ 0  2  4  5  8  9  10  11  12  16  18  20  95  141  142  143  144  145  146 ],True,True,
28,28_Answer4,[ 1  2  3 ],[ 55  56  57 ],True,True,
29,29_Answer1,[ 1  2  3  4  5  7  8  9  10  11  12  13  14  15  16  17  18  19  20  21  25  26  27  28  29  30  32  33  34  35  36  37  38  39  40  41  45 ],[ 0  1  2  3  4  6  7  8  9  10  11  12  13  14  16  17  18  19  24  25  26  27  28  29  31  32  33  34  36  38  39  40 ],True,True,
29,29_Answer3,[ 1  2  3  4  5  6 ],[ 0  3 ],True,False,
3,3_Answer3,[ 5  6  7  8 ],[ 7  8 ],True,False,
3,3_Answer4,[ 14  15  16  17  66  67 ],[ 10  11  12  13  63  64 ],True,True,
3,3_Answer6,[ 3  7  10  22  23  24 ],[ 4  8  11  23  24  25 ],True,True,
30,30_Answer1,[ 0  1  2 ],[ 16  17  18 ],True,True,
30,30_Answer3,[ 0  1  2  3 ],[ 40  41  42  43 ],True,True,
30,30_Answer5,[ 1  4  14  15 ],[ 24  27  37  38 ],False,False,
30,30_Answer6,[ 0  1 ],[ 21  22 ],False,False,
30,30_Answer7,[ 0  2 ],[ 60  62 ],False,False,
30,30_Answer8,[ 9 ],[ 31 ],False,False,
30,30_Answer9,[ 1  12  17  18 ],[ 0  17  18 ],False,False,
31,31_Answer1,[ 1  2  3  4  5  10  11  12  13  14 ],[ 75  76  78  79 ],True,False,
31,31_Answer2,[ 1  8  9  10 ],[ 105  107 ],True,False,
31,31_Answer3,[ 1  2  3  4  5  6  7 ],[ 6  7  8  9  10  11  12  13 ],True,True,
31,31_Answer4,[ 7  8  9  10  11  12  13  14  19  20  21 ],[ 6  7  8  9  10  11  12  13  17  19  20 ],True,True,
31,31_Answer6,[ 21  22  48  49  50  51  52  53  55  56  57  58  59  60  61  62  63  64  65 ],[ 47  48  49  50  51  52  53  54  55  56  57  58  59  60  61  62  63 ],True,True,
32,32_Answer1,[ 19  20  21  22  24  25  26  27  47 ],[ 20  21  22  23  24  25  26  27  47 ],True,True,
32,32_Answer2,[ 0  1 ],[ 32 ],False,False,
32,32_Answer3,[ 4  5  6  7  8  9  10  11  12  23  24 ],[ 3  5  6  7  19  20 ],True,True,
32,32_Answer4,[ 5  6  7  8  23  38 ],[ 6  7  25 ],True,False,
32,32_Answer5,[ 3  4 ],[ 37  38 ],False,False,
32,32_Answer8,[ 0  1  2 ],[ 16  17  18 ],True,True,
33,33_Answer1,[ 0  6  7  8  10  11  12  13  14  15  16  25  28  29  35  38  41  43  56  68  72  73  74  75  76  77  82  83  86  87  88  89  103  107  110 ],[ 0  6  7  8  9  10  20  21  27  30  33  35  48  60  64  65  66  67  68  69  74  75  78  79  80  81  97  101  104 ],True,True,
33,33_Answer10,[ 2  3  4  5  8  9  10  11  12  13  14  15  17  18  19  20  23  24  25  26  27  28  29  30 ],[ 20  30 ],True,False,
33,33_Answer3,[ 0  1  3  29  30  31  32  33  34  35  36  37  39  40  43  44  45  46 ],[ 35  36  38  64  65  66  67  68  69  70  71  72  74  75  78  79  80  81 ],True,True,
33,33_Answer5,[ 0  1  2  3  4  15  16  17  18  19  32  33  34  36  42  43  44  50  51  52  53 ],[],True,False,
33,33_Answer6,[ 1  9  10  14  15  20  155  177  178  181  183  187  188  189  192  193  196  198  202  203  228  236  237  241  243  249  339  363  364  367  369  373  374 ],[ 2  20  30 ],True,False,
33,33_Answer7,[ 1  2  3  5  6  7  9  10  11  12  14 ],[ 30  93  94  95  97  98  99  101  102  103  104  106 ],True,True,
33,33_Answer8,[ 0  1  2  3 ],[ 5  6  7  8 ],True,True,
35,35_Answer2,[ 5  6  7  8  9 ],[ 32 ],True,False,
36,36_Answer1,[ 0  1  2  5  6  10  11  14  15  16 ],[ 58  59  60  63  64  68  69  72  73  74 ],True,True,
36,36_Answer10,[ 7  15 ],[],False,False,
36,36_Answer11,[ 0 ],[ 151 ],False,False,
36,36_Answer2,[ 1 ],[],False,False,
36,36_Answer3,[ 0  1  2  3  4  5  6 ],[ 13  14  15  16  17  18 ],True,True,
36,36_Answer5,[ 3  4  10  11  13  14  22  24  25  28  30  31  32  33  34  35  36  38  39  40  41  42  43 ],[ 124  125  131  132  134  135  138  139  141  142  143  144  145  146 ],True,True,
38,38_Answer1,[ 1  2  3  4  5  8  10  14 ],[ 68  71  75  76  80  83  88 ],True,False,
38,38_Answer10,[ 0  1  2  3  4  5  6  7  8 ],[ 11  12  13  14  15  16  17  18  43  69  73  77  98  100  102  115  118  120  125  136  140  144 ],True,True,
38,38_Answer3,[ 0  1  2  7  8  9  10  11  12  13  14  15  16  17 ],[ 54  55  56  59  60  61  62  63  66  67  68  69  70 ],True,True,
38,38_Answer4,[ 0  1  2  5  12  13  14  15  16  17  18  19  20  21  22  23  26  27  28  29  30  31  32  33  34  35  39  41  42  43  44  45  46  47  48  49  50  51  52  55  58  60  61  62  63  67  68  69  70  71  72  73  74  75  76  77  78  79  80  81  82  83  85  86  87  88  89  90  91  92  93  94  95  96  97  98  102  105  107  110  111  112  113  114  115  116  121  122  123  124  125  126  127  128 ],[ 1  2  9  16  17  18  20  21  22  23  24  25  26  29  30  31  32  33  34  36  37  43  44  46  47  48  49  54  55  56  59  60  61  62  63  66  67  68  69  70  72  73  74  75  76  77  79  80  81  82  83  84  85  86  87  88  89  98  99  100  101  102  103  104  111  112  113  114  115  116  117  118 ],True,True,
38,38_Answer5,[ 0  1  2  3  4  6  7  8  9  10  13  15  16  17 ],[ 44  46  47  48  49  52  112 ],True,True,
38,38_Answer6,[ 0  1  2  3  7  8  9  10  11  12  13  14  16  17  18  19  20  21  22  23  24  25  26  29 ],[ 43  72  73  74  75  79  80  81  82  83  84  85  86  87  88  89  90  91  92  93  94 ],True,True,
38,38_Answer8,[ 1  2  3  4  5  6  7  8  9  10  11  12  13  14  15  16  17  18  19  22  23  24  25  26  27  28  29  30  31  35 ],[ 9  10  11  12  13  14  15  16  17  18  20  21  22  23  24  25  26  29  30  31  32  33  34  36  37  43  74  98 ],True,True,
38,38_Answer9,[ 0  1  2  3  5 ],[ 101  102  103  104  106 ],True,True,
39,39_Answer1,[ 4  5  8  11  12  13  14  15  16  18  19  20  21  22  27  28  29  30  31  33  36  37 ],[ 89  90  93  96  97  98  99  100  101  103  104  105  106  107  112  113  114  115  116  118  121  122 ],True,True,
39,39_Answer3,[ 5  6  7  8  9  10  11  12  14  15  20  21 ],[ 24  25  26  27  28  29  30  31  33  34  39  40 ],True,True,
4,4_Answer1,[ 1  2  3  4  5 ],[ 2  3  4  5  6 ],True,True,
4,4_Answer2,[ 1  2 ],[ 26  27 ],False,False,
4,4_Answer3,[ 0 ],[ 25 ],False,False,
4,4_Answer5,[ 0  1  2 ],[ 21  22  23 ],True,True,
40,40_Answer1,[ 1  2  3  4  5  10  12  16  18  19  20 ],[ 32  33  34  35  40  42  47  48  49 ],True,True,
40,40_Answer2,[ 0  3  4  5  6  7  8  9  10  11  12  13  14  15  25  26  27 ],[ 28  31  32  33  34  35  36  37  38  39  40  41  42  43  53  54  55 ],True,True,
40,40_Answer3,[ 1  2 ],[ 25  26 ],False,False,
40,40_Answer5,[ 1  2  3  4  5  6  7  8  9  10  11  12  13  14  15  16  17  18  19  20  21  22  23  24  25  26  27  28  29  30  31  32  33  34  35  36  37  38  39  40  41  42 ],[ 95  99  101  102  103  107  108  109  110  111  112  113  114  118  120  121  122  126  127  128  129  130  131  132  133  137  139  140  141  145  146  147  148  149  150  151 ],True,True,
40,40_Answer6,[ 36  37  38  39  40  43  44  45  51  52  53  58 ],[ 33  34  35  36  37  40  41  42  47  48  49  55 ],True,True,
40,40_Answer7,[ 0  1  2  4 ],[ 52  53  54  56 ],True,True,
40,40_Answer8,[ 20  40  54  55  56  57  58  63  64 ],[ 17  39  53  54  55  56  57  63  64 ],True,True,
40,40_Answer9,[ 0 ],[ 17  39  64 ],False,False,
41,41_Answer1,[ 0  1  5  6  36  52  66  80  104 ],[ 27  32  36  38  41  49  56  60  93  101  102  106  107  137  153  167  181  205  238 ],False,False,
41,41_Answer3,[ 1  2  7  8  9  16  18  22  27  28  29  38  41  42  43  44  45  52  53  54  57  59  62  69  70 ],[ 0 ],True,False,
41,41_Answer5,[ 0  7  8  9  11  12  13  14  15  22  23  24  33  34  35  36  37  38  39  40  41 ],[ 41  48  49  50  53  60  61  62  71  72  73  74  75 ],True,True,
41,41_Answer6,[ 3  4 ],[ 124  125 ],False,False,
41,41_Answer7,[ 0  9  10  11  12  13  14  25  26 ],[ 0  10  11  13  14  15  17  30  32 ],True,True,
41,41_Answer8,[ 6  7  8  12  13  14  15  16  19  21  22  23  24  26  27  29  30  38  39  40  41  46  47  48  49  50  51  53  54  55  56 ],[ 79  80  81  85  86  87  88  89  92  94  95  96  97  99  100  102  103  111  112  113  114  119  120  121  122  123  124  126  127  128  129 ],True,True,
41,41_Answer9,[ 1  2  8  9  10  11 ],[ 256  257  263  264  265  266 ],True,True,
43,43_Answer1,[ 1  2  3 ],[ 3 ],True,False,
43,43_Answer10,[ 3  4  12  13  15  16  22 ],[ 28  30  31  39  40  42  43  49  55  99  136  139  142  189  215  220  223 ],False,False,
43,43_Answer11,[ 0  3  4  5  6  7  8  9  10  11  12 ],[ 11  14  15  16  17  18  19  20  21  22  23 ],True,True,
43,43_Answer2,[ 2  3 ],[ 0  1 ],False,False,
43,43_Answer4,[ 2  3  5  6  8  10  11  12 ],[ 1  2  4  5  7  9  10  11 ],True,True,
43,43_Answer5,[ 1  6  13  15  17  18  20 ],[ 278  283  290  292  294  295  297 ],False,False,
43,43_Answer6,[ 0  1  2 ],[],True,False,
43,43_Answer7,[ 0  4  5  6  7 ],[ 81  85  87  88 ],True,False,
43,43_Answer8,[ 0  2  12  13 ],[ 0  2  15  16 ],False,False,
45,45_Answer1,[ 1  2  3  4 ],[ 11  12  13  14 ],True,True,
45,45_Answer2,[ 15  16  17  18  19  20 ],[ 12  13  14  16  17 ],True,True,
45,45_Answer3,[ 0  1 ],[ 16  17 ],False,False,
45,45_Answer4,[ 0  1 ],[],False,False,
46,46_Answer1,[ 11 ],[ 13 ],False,False,
46,46_Answer7,[ 4  5  29  39 ],[ 5  6  26  37 ],False,False,
46,46_Answer8,[ 19  20  21  22  39 ],[ 18  20  21 ],True,False,
47,47_Answer1,[ 3  4  5  6  8  9  10  11  12  13  14  15  16 ],[ 44  45  46  47  49  50  51  52  53  54  55  56  57 ],True,True,
47,47_Answer3,[ 6  7  8  9  10  11  12  13  14 ],[ 26  27  28  29  30  31 ],True,True,
47,47_Answer4,[ 56  57  58  59  60  61  62  63  64  65  66  67  68  69  70  71 ],[ 54  55  56  57  59  60  61  62  63  64  65  66  67  68  69  70 ],True,True,
48,48_Answer2,[ 3  4 ],[ 22  23  24 ],False,True,
49,49_Answer1,[ 0  1  2  3  4  5  6  8  9  10  11  12  13  14  15  16  17  18  19  20  22  23  24 ],[ 19  20  21  22  23  24  25  26  27  28  29  30  31  32  33  34  35  36  37  38  39  40  41  50  51  52  53 ],True,True,
49,49_Answer3,[ 1  2 ],[ 2  3 ],False,False,
49,49_Answer4,[],[],False,False,
49,49_Answer5,[ 1  2 ],[ 38  39  40  41 ],False,True,
5,5_Answer2,[ 2  3  4  5  6  7  8  9  10  11  12  13 ],[ 2  3  4  5  6  7  8  9  10  11  12  13 ],True,True,
5,5_Answer4,[ 1  2 ],[ 1 ],False,False,
5,5_Answer6,[ 0  1  5  6  7  8  23  24  25  26  27  28  29 ],[ 1  6  7  8  9  18  19  20  25  26  27  28 ],True,True,
5,5_Answer7,[ 1  2  3  5  6  7  8  9  10  11  12 ],[ 1 ],True,False,
53,53_Answer2,[ 9 ],[ 10  25 ],False,False,
54,54_Answer1,[ 1  2  9  10  15  16  17  19  21  22  24  25  26  27  28  29  30  31  32  37  38  39  40  42  46  47  48 ],[ 1  7  8  12  13  15  17  18  20  21  22  23  24  25  26  27  28  34  35  36  37  39  43  44  45 ],True,True,
54,54_Answer3,[ 0  1  2  3  4  6 ],[ 12  13  14  15  17 ],True,True,
54,54_Answer5,[ 0  1  2  3  5 ],[ 34  35  36  37  39 ],True,True,
54,54_Answer6,[ 0  2 ],[ 43  45 ],False,False,
54,54_Answer7,[ 1  2  3  4  5  6  7 ],[ 18  19  20  21  22  23  24 ],True,True,
54,54_Answer8,[ 1  2  3  5  6 ],[ 6  7  8 ],True,True,
55,55_Answer3,[ 1  2  3  4  5  6  7  8  9  10  11  12  13  14  15  16  17  18  19 ],[ 2  3  4  5  6  7  8  9  10  11  12  13  14  15  16  17  18  19  20 ],True,True,
55,55_Answer4,[ 1  12  13  14  18  19 ],[ 25  36  37  38  42  43 ],True,True,
55,55_Answer6,[ 1  3  4 ],[ 44  46  47 ],False,False,
56,56_Answer1,[ 0  1  2  3  4  5  20  24  28  29 ],[ 3  4  5  6  7  8  31  37  41  42 ],True,True,
56,56_Answer3,[ 1  2  4  5  6 ],[ 6  37  38  40  41  42 ],True,True,
56,56_Answer5,[ 0  1  3  4  5  6  7  8  9  10  11  12  13  14  15  16  17  18  19 ],[ 6  8  9  10  11  12  13  14  15  16  17  18  19  20  21  22  23  24 ],True,True,
57,57_Answer1,[ 1  4  6  7  9  13  14  15 ],[ 16  19  21  22  24  28  29  30 ],True,True,
57,57_Answer3,[ 0  3  4  5  9  10  14  15  16  17  18 ],[ 0  3  4  5  9  10  15  16  17  18  19 ],True,True,
58,58_Answer1,[ 1  4  5  6  7  8  10  11  12  13  15  16  17  18  19  20  23  24  25  26 ],[ 7  8  19  20  24 ],True,False,
58,58_Answer2,[ 1  2  3  4  5  6 ],[ 1  2  3  4  5  6 ],True,True,
58,58_Answer3,[ 1 ],[],False,False,
58,58_Answer4,[ 0  3  4  6  7  8  9 ],[ 19 ],True,False,
58,58_Answer7,[ 0  1  2  3  5 ],[],True,False,
59,59_Answer1,[ 0  1  3  4  5  6  7  8  9  10  11 ],[ 3  4  6  7  8  9  10  11  12  13  14 ],True,True,
59,59_Answer2,[ 0  1  2  3  4  5 ],[ 49 ],True,False,
59,59_Answer3,[ 1  2 ],[ 1  2 ],False,False,
59,59_Answer4,[ 2  3  4 ],[ 43  44  45 ],True,True,
59,59_Answer5,[ 0  1  2  5  7  8  9  10  11 ],[ 30  31  34  36  38  39 ],True,False,
59,59_Answer7,[ 0  1 ],[ 16  17 ],False,False,
6,6_Answer1,[ 1  3  5  6 ],[ 0  22  24  27  28 ],False,False,
6,6_Answer3,[ 0  1  2  3  4  44  45  46  47  48  51  52  53  54  55  56  57  58  59  60  61  62  63  64  65  66  67  68  69  70  71 ],[ 0  1  2  3  4  42  43  44  45  46  49  50  51  52  53  54  55  56  57  59  60  61  62  63  64  65  66  67  68  69  70 ],True,True,
6,6_Answer4,[ 3  4  5  8  9  10 ],[ 13  14  15  18  19  20 ],True,True,
6,6_Answer5,[ 1  2  3  4 ],[ 9  12  14  16  18  20  21  23  25  39  64  66  69 ],True,False,
6,6_Answer6,[ 0  1  6 ],[ 30  31  36 ],False,False,
6,6_Answer7,[ 0  5  6  7  8  10 ],[ 59  64  65  66  67  69 ],True,True,
6,6_Answer8,[ 1  2  3  4 ],[ 8  12  14  16  18  20  23  25  39  66  69 ],True,False,
6,6_Answer9,[ 1  2  5  8  9  10  13  14  15  16 ],[ 42  43  46  49  50  51  54  55  56  57 ],True,True,
60,60_Answer1,[ 0  1  2  3  4  6  7  8  10 ],[ 48  51 ],True,False,
60,60_Answer3,[ 1  2  3  4  5  6  8  9  10 ],[ 1  2  3  4  5  6  8  9  10 ],True,True,
60,60_Answer8,[ 1  2  4  6  8  9  10 ],[ 58  59  61  63  65  66  67 ],True,True,
61,61_Answer1,[ 0  1  2  3 ],[ 0  1  2  3 ],True,True,
61,61_Answer4,[ 7  12 ],[ 8 ],False,False,
61,61_Answer5,[ 0  1  2 ],[ 18 ],True,False,
62,62_Answer1,[ 1  2  3  4  5  7  8  9  10  11  12  13  14  15 ],[ 28  29  30  31  32  33  35  36  37  38  39  40  41 ],True,True,
62,62_Answer2,[ 1  2  11  12 ],[ 1  2  10  11 ],False,False,
64,64_Answer1,[ 1  2  3  4  5  6 ],[ 1  2  3  4  5  6 ],True,True,
64,64_Answer2,[ 1  2  3  4 ],[ 2  3  4  5 ],True,True,
64,64_Answer4,[ 8  9  10  11  12  13 ],[ 15  16  17  18  19  20 ],True,True,
66,66_Answer1,[ 0  3  4  5  8  9  10  11  12  13  14  15  17  18  19  21  29  30  31  36  37  38  42  43  44 ],[ 1  4  12  13  14  18  22  27  28  29  37  38  39 ],True,True,
66,66_Answer2,[ 1  2  3  4  5  6  7  8  10  12 ],[ 12  13  14  18 ],True,True,
66,66_Answer8,[ 2  3  4 ],[ 37  38  39 ],True,True,
67,67_Answer1,[ 1  2  3  4  5  6  7  8  9  10  11  12  13 ],[ 1  2  3  4  5  6  7  8 ],True,True,
67,67_Answer4,[ 6  7 ],[],False,False,
67,67_Answer5,[ 11  17  18  19  20  21  22  23  24  25 ],[ 11  17  18  19  20  21  22  24  25  26 ],True,True,
67,67_Answer7,[ 1  2  3  6  8 ],[ 28  29  30  33  35 ],True,True,
68,68_Answer1,[ 2 ],[],False,False,
68,68_Answer3,[ 28  29  31  33  34  35  36  37  38  40  41 ],[ 20  21  23  24  25  26  27  28  29  31  32 ],True,True,
68,68_Answer6,[ 1 ],[ 33 ],False,False,
68,68_Answer7,[ 4  5  18  19  25  26 ],[ 8  9  22  23  29  30 ],False,False,
68,68_Answer8,[ 9  10  11 ],[ 8  9  10 ],True,True,
7,7_Answer1,[ 33  34  35  36 ],[ 32  33  34  35 ],True,True,
7,7_Answer2,[ 1  2  3  4 ],[ 32  33  34  35 ],True,True,
7,7_Answer3,[ 28  29  30  31 ],[ 23  24  25  26 ],True,True,
7,7_Answer4,[ 2  3  4  5 ],[ 23  24  25  26 ],True,True,
70,70_Answer1,[ 2 ],[ 2 ],False,False,
71,71_Answer1,[ 1  3  4 ],[ 0  2  3 ],False,False,
71,71_Answer2,[ 0  2  3 ],[ 0  2  3 ],False,False,
72,72_Answer1,[ 0  1 ],[ 81  86 ],False,False,
72,72_Answer2,[ 5  6  7  8  15 ],[ 55  56  57  58  64 ],True,True,
72,72_Answer3,[ 0  1  2  3  4  5  6 ],[ 20  21  22  23  24  25  44  46  54  77  121 ],True,True,
72,72_Answer4,[ 31  37  38  39  40  41  42  43  44  45  46  47  48  49  50  51  52  53  54  55  56  57 ],[ 30  36  37  38  39  40  41  42  43  44  45  46  47  48  49  50  51  52  53  54  55  56 ],True,True,
72,72_Answer5,[ 0  1  2  3  4  6  7  8  9  10  11  12  13  14  15  16  18  19  20  21 ],[ 30  35  36  37  38  39  41  42  43  44  45  46  47  48  49  50  51  53  54  55  56 ],True,True,
72,72_Answer7,[ 5  6  8  9  10  11  12  13  14  15  16  17  18  19  22 ],[ 116  117  119  120  121  122  123  124  125  126  127  128  129  130  133 ],True,True,
72,72_Answer8,[ 47  48  49  50  51  52  53  109  110  111  112  113  114  115  116  117  118  119  120  121  122  123  124  125  126  127 ],[ 55  56  57  58  59  60  61  62  63  119  120  121  122  123  124  125  126  127  128  129  130  131  132  133  134  135  136  137 ],True,True,
73,73_Answer1,[ 1  2  7  8  9  10  11  13 ],[ 66  67  72  73  74  75  76  78 ],True,True,
74,74_Answer10,[ 85  86  87  88  89  96  97  99  102  103  104  105  106  107  108  110  114  117  118  119  120  121  122  123  124  125  132  133  134  135  149  150  151  152  153  164  165  166  167  168  169  171  172  173  176  177  180  181  182  183  184  185  186  187  195  196  197  199  200  202  203  204  205  206  210  211  212  213  214  215  216  217  218  219  220  223  224  225  226  229 ],[ 80  81  82  83  84  91  92  94  97  98  99  100  101  102  103  105  109  112  113  114  115  116  117  118  119  120  127  128  129  130  144  145  146  147  148  159  160  161  162  163  164  166  167  168  171  172  175  176  177  178  179  180  181  182  190  191  192  194  195  197  198  199  200  201  206  207  208  209  210  211  212  213  214  215  216  219  220  221  222  225 ],True,True,
74,74_Answer11,[ 0  1 ],[ 79  80 ],False,False,
74,74_Answer3,[ 31  34  36  39  45  46  47  48  49  53  54  55  56  57  59  60  61  62  63  64  65  66  67  68  69  77  78  79  82  83  84  85  86  87  99 ],[ 39  40  42  46  47  48  51  52  54  55  68  69  70  73  74  75  77  91 ],True,True,
74,74_Answer5,[ 7  10 ],[ 7  10 ],False,False,
74,74_Answer6,[ 1  2  3  4  5  9  10  11  12  13  15  16  17  18  19  20  21  22  23  24  25  33  34  35  38  39  40  41  42  43 ],[ 39  40  42  46  47  48  51  52  54  55  68  69  70  73  74  75  77  91 ],True,True,
74,74_Answer8,[ 3  4  5  16  17  18  22  23  24  36  48  102  103  104  105  106  107  108  109  110  111  112  113  114  115  116  124  125  126  127  130  131  132  133 ],[ 6  7  8  19  20  21  25  26  27  43  55  118  119  120  121  122  123  124  125  126  127  128  129  130  131  132  142  143  148  149 ],True,True,
74,74_Answer9,[ 1  2  3 ],[ 69  73  91  92  93 ],True,True,
75,75_Answer1,[ 0  1  9  10  11 ],[ 62  63  71  72  73 ],True,True,
75,75_Answer2,[ 2  3  4  6  7 ],[ 20  46  47  48  50  51 ],True,True,
75,75_Answer4,[ 65  66  74  75  76 ],[ 62  63  71  72  73 ],True,True,
75,75_Answer7,[ 15  16  17  18  19  20  21  22  23  24  25  26  27  28  30  31  32  33  34  35  36  37  40  41 ],[ 15  16  17  18  19  20  21  22  23  24  25  26  27  28  29  31  32  33  34  35  36  37  38  41  42 ],True,True,
76,76_Answer1,[ 27  32  35  36  42  43  50  51  55  57  64  68  70  80  82  84  85  87  88  89  90  97  98  99  101  102  103  107 ],[ 58  72  87  106  121  127  139  142  148  150  217  218  243  249  253  257  334  340  344  348  412  413  415  416  418  463  464  468  470  477  481  483  493  495  497  498  500  501  502  503  510  511  512  514  515  516  520 ],True,True,
76,76_Answer5,[ 34  35  36  37  38  39  40  42 ],[ 28  29  30  31  32  33  34 ],True,True,
78,78_Answer3,[ 4  28  29  31  43  44  50  51  54 ],[ 3  26  27  29  39  40  41  48  49  52 ],False,True,
78,78_Answer5,[ 0  1  3 ],[ 26  27  29 ],False,False,
78,78_Answer9,[ 0  2  5 ],[ 48  49  52 ],False,False,
79,79_Answer1,[ 25  26  42  43  44  45  46  47  48  49  50  51 ],[ 27  28  59  60  61  62  63  64  65  66  67  68 ],True,True,
79,79_Answer2,[ 1  2  3  4 ],[ 24  27  28 ],True,False,
79,79_Answer3,[ 1  2  3  4  5  6  7 ],[ 56  57  58  59  60  61  62 ],True,True,
79,79_Answer5,[ 1  2  3  4  5  6 ],[ 63  64  65  66  67  68 ],True,True,
8,8_Answer1,[ 1  2  5  6  7  20  21  22  32 ],[ 41  42  45  46  47  60  61  62  72 ],True,True,
81,81_Answer1,[ 1  2  3  4  5  6  7  8  9  20  21  22  26  27  28  29  30  34  35  37  42  43  44  45  46  47  48  49  50 ],[ 20  23  25  28  41  46  48  50  52  60  64  67  71  74  76  80  88  92  95  100  105  118  121  136  137  138  139  140  141  142  143  144  155  156  157  161  162  163  164  165  169  170  172  177  178  179  180  181  182  183  184  185 ],True,True,
81,81_Answer3,[ 1 ],[ 69 ],False,False,
81,81_Answer4,[ 21  24  26  29  41  46  48  50  52  60  64  67  71  74  76  80  88  92  95  100  105  117  120  135  136  137  138  139  140  141  142  143  154  155  156  160  161  162  163  164  168  169  171  176  177  178  179  180  181  182  183  184 ],[ 20  23  25  28  41  46  48  50  52  60  64  67  71  74  76  80  88  92  95  100  105  118  121  136  137  138  139  140  141  142  143  144  155  156  157  161  162  163  164  165  169  170  172  177  178  179  180  181  182  183  184  185 ],True,True,
81,81_Answer5,[ 26  27  28  29 ],[ 40  65  67  68  98  99  100  101  103  118 ],True,True,
81,81_Answer7,[ 1  2  5  6 ],[ 58  59  62  63 ],False,False,
82,82_Answer1,[ 1  2  3  5  6 ],[ 21  22  23  25  26 ],True,True,
82,82_Answer2,[],[],False,False,
82,82_Answer3,[ 21  22  23  25  26 ],[ 21  22  23  25  26 ],True,True,
82,82_Answer4,[ 1  2  3  4  5  6  7  8  9  10 ],[ 22  23  24  25  27 ],True,True,
84,84_Answer1,[ 2  3  4  5  6  7  8  9  10  11  12 ],[ 21  23  24  25  26  27  28  29  30  31  32  33 ],True,True,
84,84_Answer3,[ 21  23  24  25  26  27  28  29  30  31  32  33  34  35  36  37  38  39 ],[ 21  23  24  25  26  27  28  29  30  31  32  33  35  36  37  38  39  40 ],True,True,
85,85_Answer1,[ 22  23  24  25  26  27  28  29  30  31  32  68  74 ],[ 13  14  15  16  17  18  19  20  21  22  58  64 ],True,True,
85,85_Answer2,[ 2  3  4 ],[ 0  1  2 ],True,True,
86,86_Answer2,[ 3  4  5  6  7  8  9  10 ],[ 9  10  12 ],True,False,
86,86_Answer3,[ 11  12  15  16  22  25  28  32  39  43  52  54  64 ],[ 11  12  20  23  26  30  37  41  50  52  62 ],False,False,
86,86_Answer4,[ 5  9  11  12  13  14  15  17  27  34  35  36  39 ],[ 9  10  12 ],True,False,
90,90_Answer1,[ 1  2  3  4 ],[ 19  20  21  22 ],True,True,
91,91_Answer1,[ 0  1  3  4  7  8  9  10 ],[ 10  11  13  14  17  18  19  20 ],True,True,
91,91_Answer2,[ 0  1  5  7  8  9  13  18  20  27  28 ],[ 47  48  54  57  58  62  67  69  76  77 ],True,False,
92,92_Answer2,[ 2  3 ],[ 28  29 ],False,False,
92,92_Answer3,[ 57  58  59  60  61  62  63  64  65  66  67  68  69  70  71  72 ],[ 52  53  54  55  56  57  58  59  60  61  62  63  64  65  66  67 ],True,True,
92,92_Answer8,[ 0  1  3  4 ],[ 36  38  39 ],False,False,
93,93_Answer1,[ 1 ],[ 28 ],False,False,
95,95_Answer1,[ 9  10  11 ],[ 10  11  12 ],True,True,
95,95_Answer3,[ 8  9 ],[ 11  12 ],False,False,
95,95_Answer9,[ 1  2 ],[ 61  62 ],False,False,
97,97_Answer1,[ 1  2  3  4  5  6  7  10  11  12  13  14  15  16  17  18  19  20  23  24  25  26  27  28  29  30  36  37 ],[ 0  1  3  4  5  8  9  10  13  14  15  16  17  18  19  20  21 ],True,True,
97,97_Answer2,[ 0  1  2 ],[],True,False,
97,97_Answer3,[ 0  1  2 ],[ 29  30 ],True,False,
97,97_Answer4,[ 0  1 ],[ 32  33 ],False,False,
97,97_Answer5,[ 0  1  2  3  4  5  8 ],[ 13  14  15  16  17  18  21 ],True,True,
97,97_Answer6,[ 0  1  2  3 ],[ 19  20  21  22 ],True,True,
97,97_Answer7,[ 0  1  2 ],[ 25  26 ],True,False,
97,97_Answer8,[ 0  1  2  3  4  5  6  7 ],[ 8  9  10 ],True,True,
98,98_Answer1,[ 0  1  2  3  4 ],[ 0  1  2  3  4 ],True,True,
98,98_Answer2,[ 1  2  3  4  5 ],[ 14  15  16  17  18 ],True,True,
98,98_Answer3,[ 0 ],[ 29 ],False,False,
98,98_Answer4,[ 0  1  3  11  15  17 ],[ 53  54  56  64  68  70 ],False,False,
99,99_Answer1,[ 1  2 ],[ 1 ],False,False,
99,99_Answer2,[ 0  1  2  3 ],[ 2  3  4 ],True,True,
99,99_Answer3,[ 1  4  5  6 ],[ 7  10  11  12 ],True,True,
99,99_Answer4,[ 0  1  2  3  4  5  6 ],[ 21  22  23  24  25 ],True,True,
99,99_Answer6,[ 0 ],[ 141 ],False,False,
